keyword,competition,competition_score,opportunity_score,difficulty_score,recommendation
whatsapp automation ai tool,LOW,0.3,92.5,52.0,MEDIUM_PRIORITY
whatsapp marketing automation software,LOW,0.3,92.5,52.0,MEDIUM_PRIORITY
best whatsapp automation software,LOW,0.3,92.5,52.0,MEDIUM_PRIORITY
top 10 whatsapp automation software,LOW,0.3,92.5,52.0,MEDIUM_PRIORITY
whatsapp automation tools for business,LOW,0.3,92.5,52.0,MEDIUM_PRIORITY
whatsapp automation tools free,LOW,0.3,92.5,52.0,MEDIUM_PRIORITY
whatsapp automation software free,LOW,0.3,92.5,52.0,MEDIUM_PRIORITY
whatsapp business automation software,LOW,0.3,92.5,52.0,MEDIUM_PRIORITY
whatsapp automation software,LOW,0.3,87.5,62.0,LONG_TERM
whatsapp automation tools,LOW,0.3,87.5,62.0,LONG_TERM
what is ai automation,LOW,0.3,82.5,52.0,MEDIUM_PRIORITY
whatsapp ai chat automation swiftchats module,LOW,0.3,82.5,52.0,MEDIUM_PRIORITY
whatsapp ai chat automation,LOW,0.3,82.5,52.0,MEDIUM_PRIORITY
use of ai in automation,LOW,0.3,82.5,52.0,MEDIUM_PRIORITY
ai automation whatsapp group,LOW,0.3,82.5,52.0,MEDIUM_PRIORITY
whatsapp business ai automation,LOW,0.3,82.5,52.0,MEDIUM_PRIORITY
is ai part of automation,LOW,0.3,82.5,52.0,MEDIUM_PRIORITY
whatsapp automation program,LOW,0.3,77.5,62.0,CONSIDER
ai automation examples,MEDIUM,0.5,72.5,70.0,CONSIDER
whatsapp ai automation,MEDIUM,0.5,72.5,70.0,CONSIDER
